{"searchString": "Direct Detail URL: https://maps.app.goo.gl/SUnw8uCfcR5fobq28", "rank": null, "searchPageUrl": null, "searchPageLoadedUrl": null, "isAdvertisement": false, "title": "Fort Railway station", "subTitle": null, "description": null, "price": null, "categoryName": "Train station", "address": "Colombo, Sri Lanka", "neighborhood": "Colombo 11", "street": null, "city": "Colombo", "postalCode": null, "state": null, "countryCode": "LK", "website": "http://www.railway.gov.lk/", "phone": null, "phoneUnformatted": null, "claimThisBusiness": false, "location": {"lat": 6.9337011, "lng": 79.8500302}, "locatedIn": null, "plusCode": "WVM2+F2 Colombo, Sri Lanka", "menu": null, "totalScore": 4, "permanentlyClosed": false, "temporarilyClosed": false, "placeId": "ChIJubL3QSJZ4joREpXI14eU_wA", "categories": ["Train station"], "cid": "71939430222959890", "reviewsCount": 3617, "reviewsDistribution": {"oneStar": 167, "twoStar": 181, "threeStar": 654, "fourStar": 1015, "fiveStar": 1600}, "imagesCount": 6972, "imageCategories": ["All", "Latest", "Videos", "Train", "Train station", "Railway track", "Street View & 360\u00b0"], "scrapedAt": "2024-04-22T19:13:58.951Z", "reserveTableUrl": null, "googleFoodUrl": null, "hotelStars": null, "hotelDescription": null, "checkInDate": null, "checkOutDate": null, "similarHotelsNearby": null, "hotelReviewSummary": null, "hotelAds": [], "popularTimesLiveText": "Not busy", "popularTimesLivePercent": 2, "popularTimesHistogram": {"Su": [{"hour": 4, "occupancyPercent": 9}, {"hour": 5, "occupancyPercent": 15}, {"hour": 6, "occupancyPercent": 20}, {"hour": 7, "occupancyPercent": 25}, {"hour": 8, "occupancyPercent": 28}, {"hour": 9, "occupancyPercent": 28}, {"hour": 10, "occupancyPercent": 28}, {"hour": 11, "occupancyPercent": 27}, {"hour": 12, "occupancyPercent": 30}, {"hour": 13, "occupancyPercent": 33}, {"hour": 14, "occupancyPercent": 38}, {"hour": 15, "occupancyPercent": 40}, {"hour": 16, "occupancyPercent": 42}, {"hour": 17, "occupancyPercent": 43}, {"hour": 18, "occupancyPercent": 39}, {"hour": 19, "occupancyPercent": 34}, {"hour": 20, "occupancyPercent": 26}, {"hour": 21, "occupancyPercent": 18}, {"hour": 22, "occupancyPercent": 12}, {"hour": 23, "occupancyPercent": 8}, {"hour": 0, "occupancyPercent": 5}, {"hour": 1, "occupancyPercent": 4}, {"hour": 2, "occupancyPercent": 4}, {"hour": 3, "occupancyPercent": 6}], "Mo": [{"hour": 4, "occupancyPercent": 10}, {"hour": 5, "occupancyPercent": 19}, {"hour": 6, "occupancyPercent": 32}, {"hour": 7, "occupancyPercent": 47}, {"hour": 8, "occupancyPercent": 53}, {"hour": 9, "occupancyPercent": 47}, {"hour": 10, "occupancyPercent": 39}, {"hour": 11, "occupancyPercent": 35}, {"hour": 12, "occupancyPercent": 37}, {"hour": 13, "occupancyPercent": 40}, {"hour": 14, "occupancyPercent": 47}, {"hour": 15, "occupancyPercent": 62}, {"hour": 16, "occupancyPercent": 82}, {"hour": 17, "occupancyPercent": 91}, {"hour": 18, "occupancyPercent": 80}, {"hour": 19, "occupancyPercent": 57}, {"hour": 20, "occupancyPercent": 35}, {"hour": 21, "occupancyPercent": 20}, {"hour": 22, "occupancyPercent": 12}, {"hour": 23, "occupancyPercent": 7}, {"hour": 0, "occupancyPercent": 5}, {"hour": 1, "occupancyPercent": 3}, {"hour": 2, "occupancyPercent": 3}, {"hour": 3, "occupancyPercent": 5}], "Tu": [{"hour": 4, "occupancyPercent": 8}, {"hour": 5, "occupancyPercent": 17}, {"hour": 6, "occupancyPercent": 30}, {"hour": 7, "occupancyPercent": 45}, {"hour": 8, "occupancyPercent": 51}, {"hour": 9, "occupancyPercent": 44}, {"hour": 10, "occupancyPercent": 38}, {"hour": 11, "occupancyPercent": 35}, {"hour": 12, "occupancyPercent": 37}, {"hour": 13, "occupancyPercent": 39}, {"hour": 14, "occupancyPercent": 48}, {"hour": 15, "occupancyPercent": 65}, {"hour": 16, "occupancyPercent": 88}, {"hour": 17, "occupancyPercent": 98}, {"hour": 18, "occupancyPercent": 85}, {"hour": 19, "occupancyPercent": 61}, {"hour": 20, "occupancyPercent": 37}, {"hour": 21, "occupancyPercent": 21}, {"hour": 22, "occupancyPercent": 13}, {"hour": 23, "occupancyPercent": 9}, {"hour": 0, "occupancyPercent": 5}, {"hour": 1, "occupancyPercent": 4}, {"hour": 2, "occupancyPercent": 3}, {"hour": 3, "occupancyPercent": 5}], "We": [{"hour": 4, "occupancyPercent": 8}, {"hour": 5, "occupancyPercent": 16}, {"hour": 6, "occupancyPercent": 28}, {"hour": 7, "occupancyPercent": 43}, {"hour": 8, "occupancyPercent": 51}, {"hour": 9, "occupancyPercent": 44}, {"hour": 10, "occupancyPercent": 38}, {"hour": 11, "occupancyPercent": 35}, {"hour": 12, "occupancyPercent": 37}, {"hour": 13, "occupancyPercent": 40}, {"hour": 14, "occupancyPercent": 49}, {"hour": 15, "occupancyPercent": 66}, {"hour": 16, "occupancyPercent": 89}, {"hour": 17, "occupancyPercent": 100}, {"hour": 18, "occupancyPercent": 87}, {"hour": 19, "occupancyPercent": 62}, {"hour": 20, "occupancyPercent": 39}, {"hour": 21, "occupancyPercent": 22}, {"hour": 22, "occupancyPercent": 13}, {"hour": 23, "occupancyPercent": 8}, {"hour": 0, "occupancyPercent": 4}, {"hour": 1, "occupancyPercent": 3}, {"hour": 2, "occupancyPercent": 3}, {"hour": 3, "occupancyPercent": 5}], "Th": [{"hour": 4, "occupancyPercent": 9}, {"hour": 5, "occupancyPercent": 17}, {"hour": 6, "occupancyPercent": 28}, {"hour": 7, "occupancyPercent": 42}, {"hour": 8, "occupancyPercent": 49}, {"hour": 9, "occupancyPercent": 43}, {"hour": 10, "occupancyPercent": 37}, {"hour": 11, "occupancyPercent": 34}, {"hour": 12, "occupancyPercent": 37}, {"hour": 13, "occupancyPercent": 40}, {"hour": 14, "occupancyPercent": 48}, {"hour": 15, "occupancyPercent": 64}, {"hour": 16, "occupancyPercent": 86}, {"hour": 17, "occupancyPercent": 96}, {"hour": 18, "occupancyPercent": 84}, {"hour": 19, "occupancyPercent": 60}, {"hour": 20, "occupancyPercent": 38}, {"hour": 21, "occupancyPercent": 22}, {"hour": 22, "occupancyPercent": 13}, {"hour": 23, "occupancyPercent": 8}, {"hour": 0, "occupancyPercent": 5}, {"hour": 1, "occupancyPercent": 3}, {"hour": 2, "occupancyPercent": 3}, {"hour": 3, "occupancyPercent": 5}], "Fr": [{"hour": 4, "occupancyPercent": 9}, {"hour": 5, "occupancyPercent": 18}, {"hour": 6, "occupancyPercent": 30}, {"hour": 7, "occupancyPercent": 43}, {"hour": 8, "occupancyPercent": 50}, {"hour": 9, "occupancyPercent": 44}, {"hour": 10, "occupancyPercent": 39}, {"hour": 11, "occupancyPercent": 35}, {"hour": 12, "occupancyPercent": 37}, {"hour": 13, "occupancyPercent": 40}, {"hour": 14, "occupancyPercent": 50}, {"hour": 15, "occupancyPercent": 66}, {"hour": 16, "occupancyPercent": 87}, {"hour": 17, "occupancyPercent": 97}, {"hour": 18, "occupancyPercent": 86}, {"hour": 19, "occupancyPercent": 64}, {"hour": 20, "occupancyPercent": 41}, {"hour": 21, "occupancyPercent": 25}, {"hour": 22, "occupancyPercent": 15}, {"hour": 23, "occupancyPercent": 10}, {"hour": 0, "occupancyPercent": 6}, {"hour": 1, "occupancyPercent": 4}, {"hour": 2, "occupancyPercent": 4}, {"hour": 3, "occupancyPercent": 6}], "Sa": [{"hour": 4, "occupancyPercent": 11}, {"hour": 5, "occupancyPercent": 20}, {"hour": 6, "occupancyPercent": 28}, {"hour": 7, "occupancyPercent": 34}, {"hour": 8, "occupancyPercent": 39}, {"hour": 9, "occupancyPercent": 38}, {"hour": 10, "occupancyPercent": 38}, {"hour": 11, "occupancyPercent": 38}, {"hour": 12, "occupancyPercent": 43}, {"hour": 13, "occupancyPercent": 48}, {"hour": 14, "occupancyPercent": 52}, {"hour": 15, "occupancyPercent": 55}, {"hour": 16, "occupancyPercent": 56}, {"hour": 17, "occupancyPercent": 54}, {"hour": 18, "occupancyPercent": 47}, {"hour": 19, "occupancyPercent": 37}, {"hour": 20, "occupancyPercent": 26}, {"hour": 21, "occupancyPercent": 17}, {"hour": 22, "occupancyPercent": 11}, {"hour": 23, "occupancyPercent": 8}, {"hour": 0, "occupancyPercent": 5}, {"hour": 1, "occupancyPercent": 4}, {"hour": 2, "occupancyPercent": 4}, {"hour": 3, "occupancyPercent": 6}]}, "openingHours": [], "peopleAlsoSearch": [{"category": "People also search for", "title": "Colombo Fort Railway Station (\u0d9a\u0ddc\u0dc5\u0db9 \u0d9a\u0ddc\u0da7\u0dd4\u0dc0 \u0daf\u0dd4\u0db8\u0dca\u0dbb\u0dd2\u0dba \u0dc3\u0dca\u0dae\u0dcf\u0db1\u0dba)", "reviewsCount": 4883, "totalScore": 3.9}, {"category": "People also search for", "title": "Slave Island Railway Station", "reviewsCount": 59, "totalScore": 3.8}, {"category": "People also search for", "title": "FORT RAILWAY STATION FRONT TICKETS", "reviewsCount": 6, "totalScore": 2.8}, {"category": "People also search for", "title": "Fort Bus Stop", "reviewsCount": 3, "totalScore": 3.7}, {"category": "People also search for", "title": "Colombo Fort", "reviewsCount": 2, "totalScore": 3}], "placesTags": [{"title": "Shopping", "count": 1}, {"title": "Recreations", "count": 1}, {"title": "Services", "count": 3}, {"title": "Health & Beauty", "count": 1}, {"title": "Other", "count": 2}], "reviewsTags": [{"title": "country", "count": 79}, {"title": "information", "count": 37}, {"title": "canteen", "count": 36}, {"title": "government", "count": 26}, {"title": "inter-city rail", "count": 24}, {"title": "heart", "count": 21}, {"title": "counter", "count": 16}, {"title": "colonial style", "count": 7}, {"title": "1917", "count": 6}, {"title": "1877", "count": 5}], "additionalInfo": {"Accessibility": [{"Wheelchair accessible entrance": true}, {"Wheelchair accessible parking lot": true}, {"Wheelchair accessible restroom": true}], "Amenities": [{"Restroom": true}], "Getting here": [{"24-hour transit available": true}]}, "gasPrices": [], "questionsAndAnswers": [{"question": "Can someone tell me why those staff of the ticket reservation counters are so rude? Why they are not trained on how to deal with the public? Don't they know their monthly salaries are paid by the public?", "answers": [{"answer": "It's common practice in public sector, people should have humanity", "answerDate": "Nirosh Pathirana", "answeredBy": {"name": "Nirosh Pathirana", "url": "https://www.google.com/maps/contrib/108612664775141518657"}}], "askDate": "6 years ago", "askedBy": {"name": "Wasantha Wijenayake", "url": "https://www.google.com/maps/contrib/113209755267381544259"}}], "updatesFromCustomers": {"postDate": "4 months ago", "postedBy": {"name": "Shalanka Ranjula", "url": "https://www.google.com/maps/contrib/113803381444196779828?hl=en-US", "title": "Local Guide", "totalReviews": 50}, "media": [{"link": "https://lh3.googleusercontent.com/ggms/AF1QipOXHxkcYxDUBYuVmhGnGNDozAyghE2GnVG__UqR=m18", "postDate": "4 months ago"}]}, "url": "https://www.google.com/maps/search/?api=1&query=Fort%20Railway%20station&query_place_id=ChIJubL3QSJZ4joREpXI14eU_wA", "webResults": [], "parentPlaceUrl": null, "orderBy": [], "images": null, "imageUrls": ["https://lh5.googleusercontent.com/p/AF1QipPQ-L3ZzpQXAwqrRK7yuKRh_SJJcJKI_N8Ptp28=w1920-h1080-k-no"], "reviews": []}