{"searchString": "Direct Detail URL: https://maps.app.goo.gl/eZgb3KhFEzV4tWv69", "rank": null, "searchPageUrl": null, "searchPageLoadedUrl": null, "isAdvertisement": false, "title": "Independence Square", "subTitle": null, "description": "Square in front of Independence Memorial Hall featuring a fountain topped by a statue.", "price": null, "categoryName": "Historical landmark", "address": "7 Independence Ave, Colombo 00700, Sri Lanka", "neighborhood": "Cinnamon Gardens", "street": "7 Independence Ave", "city": "Colombo", "postalCode": "00700", "state": null, "countryCode": "LK", "website": "http://www.culturaldept.gov.lk/", "phone": "+94 112 878 996", "phoneUnformatted": "+94112878996", "claimThisBusiness": true, "location": {"lat": 6.9047626, "lng": 79.8672183}, "locatedIn": null, "plusCode": "WV38+WV Colombo, Sri Lanka", "menu": null, "totalScore": 4.6, "permanentlyClosed": false, "temporarilyClosed": false, "placeId": "ChIJC46ViHtZ4joRCya8Jp8IxcE", "categories": ["Historical landmark", "Tourist attraction"], "cid": "13962575699374777867", "reviewsCount": 8787, "reviewsDistribution": {"oneStar": 105, "twoStar": 80, "threeStar": 496, "fourStar": 1879, "fiveStar": 6227}, "imagesCount": 20939, "imageCategories": ["All", "Latest", "Videos", "Independence Memorial Museum", "Street View & 360\u00b0"], "scrapedAt": "2024-04-23T04:19:19.057Z", "reserveTableUrl": null, "googleFoodUrl": null, "hotelStars": null, "hotelDescription": null, "checkInDate": null, "checkOutDate": null, "similarHotelsNearby": null, "hotelReviewSummary": null, "hotelAds": [], "popularTimesLiveText": "A little busy", "popularTimesLivePercent": 56, "popularTimesHistogram": {"Su": [{"hour": 4, "occupancyPercent": 9}, {"hour": 5, "occupancyPercent": 21}, {"hour": 6, "occupancyPercent": 39}, {"hour": 7, "occupancyPercent": 59}, {"hour": 8, "occupancyPercent": 71}, {"hour": 9, "occupancyPercent": 70}, {"hour": 10, "occupancyPercent": 68}, {"hour": 11, "occupancyPercent": 64}, {"hour": 12, "occupancyPercent": 58}, {"hour": 13, "occupancyPercent": 52}, {"hour": 14, "occupancyPercent": 53}, {"hour": 15, "occupancyPercent": 64}, {"hour": 16, "occupancyPercent": 82}, {"hour": 17, "occupancyPercent": 97}, {"hour": 18, "occupancyPercent": 94}, {"hour": 19, "occupancyPercent": 75}, {"hour": 20, "occupancyPercent": 52}, {"hour": 21, "occupancyPercent": 34}, {"hour": 22, "occupancyPercent": 20}, {"hour": 23, "occupancyPercent": 11}, {"hour": 0, "occupancyPercent": 5}, {"hour": 1, "occupancyPercent": 2}, {"hour": 2, "occupancyPercent": 2}, {"hour": 3, "occupancyPercent": 5}], "Mo": [{"hour": 4, "occupancyPercent": 9}, {"hour": 5, "occupancyPercent": 26}, {"hour": 6, "occupancyPercent": 51}, {"hour": 7, "occupancyPercent": 77}, {"hour": 8, "occupancyPercent": 79}, {"hour": 9, "occupancyPercent": 65}, {"hour": 10, "occupancyPercent": 54}, {"hour": 11, "occupancyPercent": 49}, {"hour": 12, "occupancyPercent": 49}, {"hour": 13, "occupancyPercent": 49}, {"hour": 14, "occupancyPercent": 54}, {"hour": 15, "occupancyPercent": 62}, {"hour": 16, "occupancyPercent": 72}, {"hour": 17, "occupancyPercent": 83}, {"hour": 18, "occupancyPercent": 89}, {"hour": 19, "occupancyPercent": 80}, {"hour": 20, "occupancyPercent": 60}, {"hour": 21, "occupancyPercent": 38}, {"hour": 22, "occupancyPercent": 24}, {"hour": 23, "occupancyPercent": 15}, {"hour": 0, "occupancyPercent": 8}, {"hour": 1, "occupancyPercent": 4}, {"hour": 2, "occupancyPercent": 1}, {"hour": 3, "occupancyPercent": 3}], "Tu": [{"hour": 4, "occupancyPercent": 12}, {"hour": 5, "occupancyPercent": 29}, {"hour": 6, "occupancyPercent": 57}, {"hour": 7, "occupancyPercent": 84}, {"hour": 8, "occupancyPercent": 87}, {"hour": 9, "occupancyPercent": 75}, {"hour": 10, "occupancyPercent": 65}, {"hour": 11, "occupancyPercent": 61}, {"hour": 12, "occupancyPercent": 59}, {"hour": 13, "occupancyPercent": 59}, {"hour": 14, "occupancyPercent": 58}, {"hour": 15, "occupancyPercent": 63}, {"hour": 16, "occupancyPercent": 74}, {"hour": 17, "occupancyPercent": 86}, {"hour": 18, "occupancyPercent": 92}, {"hour": 19, "occupancyPercent": 82}, {"hour": 20, "occupancyPercent": 62}, {"hour": 21, "occupancyPercent": 40}, {"hour": 22, "occupancyPercent": 24}, {"hour": 23, "occupancyPercent": 14}, {"hour": 0, "occupancyPercent": 8}, {"hour": 1, "occupancyPercent": 7}, {"hour": 2, "occupancyPercent": 6}, {"hour": 3, "occupancyPercent": 7}], "We": [{"hour": 4, "occupancyPercent": 10}, {"hour": 5, "occupancyPercent": 27}, {"hour": 6, "occupancyPercent": 54}, {"hour": 7, "occupancyPercent": 78}, {"hour": 8, "occupancyPercent": 81}, {"hour": 9, "occupancyPercent": 70}, {"hour": 10, "occupancyPercent": 60}, {"hour": 11, "occupancyPercent": 55}, {"hour": 12, "occupancyPercent": 54}, {"hour": 13, "occupancyPercent": 53}, {"hour": 14, "occupancyPercent": 57}, {"hour": 15, "occupancyPercent": 64}, {"hour": 16, "occupancyPercent": 76}, {"hour": 17, "occupancyPercent": 86}, {"hour": 18, "occupancyPercent": 86}, {"hour": 19, "occupancyPercent": 78}, {"hour": 20, "occupancyPercent": 57}, {"hour": 21, "occupancyPercent": 38}, {"hour": 22, "occupancyPercent": 22}, {"hour": 23, "occupancyPercent": 14}, {"hour": 0, "occupancyPercent": 8}, {"hour": 1, "occupancyPercent": 5}, {"hour": 2, "occupancyPercent": 2}, {"hour": 3, "occupancyPercent": 3}], "Th": [{"hour": 4, "occupancyPercent": 12}, {"hour": 5, "occupancyPercent": 29}, {"hour": 6, "occupancyPercent": 59}, {"hour": 7, "occupancyPercent": 84}, {"hour": 8, "occupancyPercent": 89}, {"hour": 9, "occupancyPercent": 78}, {"hour": 10, "occupancyPercent": 65}, {"hour": 11, "occupancyPercent": 60}, {"hour": 12, "occupancyPercent": 56}, {"hour": 13, "occupancyPercent": 59}, {"hour": 14, "occupancyPercent": 63}, {"hour": 15, "occupancyPercent": 69}, {"hour": 16, "occupancyPercent": 75}, {"hour": 17, "occupancyPercent": 81}, {"hour": 18, "occupancyPercent": 81}, {"hour": 19, "occupancyPercent": 75}, {"hour": 20, "occupancyPercent": 58}, {"hour": 21, "occupancyPercent": 41}, {"hour": 22, "occupancyPercent": 28}, {"hour": 23, "occupancyPercent": 19}, {"hour": 0, "occupancyPercent": 12}, {"hour": 1, "occupancyPercent": 8}, {"hour": 2, "occupancyPercent": 6}, {"hour": 3, "occupancyPercent": 7}], "Fr": [{"hour": 4, "occupancyPercent": 10}, {"hour": 5, "occupancyPercent": 26}, {"hour": 6, "occupancyPercent": 51}, {"hour": 7, "occupancyPercent": 77}, {"hour": 8, "occupancyPercent": 82}, {"hour": 9, "occupancyPercent": 74}, {"hour": 10, "occupancyPercent": 64}, {"hour": 11, "occupancyPercent": 61}, {"hour": 12, "occupancyPercent": 59}, {"hour": 13, "occupancyPercent": 58}, {"hour": 14, "occupancyPercent": 61}, {"hour": 15, "occupancyPercent": 69}, {"hour": 16, "occupancyPercent": 81}, {"hour": 17, "occupancyPercent": 89}, {"hour": 18, "occupancyPercent": 87}, {"hour": 19, "occupancyPercent": 75}, {"hour": 20, "occupancyPercent": 56}, {"hour": 21, "occupancyPercent": 38}, {"hour": 22, "occupancyPercent": 24}, {"hour": 23, "occupancyPercent": 17}, {"hour": 0, "occupancyPercent": 11}, {"hour": 1, "occupancyPercent": 8}, {"hour": 2, "occupancyPercent": 5}, {"hour": 3, "occupancyPercent": 5}], "Sa": [{"hour": 4, "occupancyPercent": 10}, {"hour": 5, "occupancyPercent": 27}, {"hour": 6, "occupancyPercent": 58}, {"hour": 7, "occupancyPercent": 91}, {"hour": 8, "occupancyPercent": 100}, {"hour": 9, "occupancyPercent": 91}, {"hour": 10, "occupancyPercent": 77}, {"hour": 11, "occupancyPercent": 67}, {"hour": 12, "occupancyPercent": 63}, {"hour": 13, "occupancyPercent": 61}, {"hour": 14, "occupancyPercent": 63}, {"hour": 15, "occupancyPercent": 68}, {"hour": 16, "occupancyPercent": 80}, {"hour": 17, "occupancyPercent": 92}, {"hour": 18, "occupancyPercent": 91}, {"hour": 19, "occupancyPercent": 74}, {"hour": 20, "occupancyPercent": 52}, {"hour": 21, "occupancyPercent": 36}, {"hour": 22, "occupancyPercent": 24}, {"hour": 23, "occupancyPercent": 16}, {"hour": 0, "occupancyPercent": 11}, {"hour": 1, "occupancyPercent": 9}, {"hour": 2, "occupancyPercent": 6}, {"hour": 3, "occupancyPercent": 6}]}, "openingHours": [{"day": "Monday", "hours": "Open 24 hours"}, {"day": "Tuesday", "hours": "Open 24 hours"}, {"day": "Wednesday", "hours": "Open 24 hours"}, {"day": "Thursday", "hours": "Open 24 hours"}, {"day": "Friday", "hours": "Open 24 hours"}, {"day": "Saturday", "hours": "Open 24 hours"}, {"day": "Sunday", "hours": "Open 24 hours"}], "peopleAlsoSearch": [{"category": "People also search for", "title": "Independence Memorial Museum", "reviewsCount": 179, "totalScore": 4.4}, {"category": "People also search for", "title": "D.S. Senanayake Monument", "reviewsCount": 17, "totalScore": 4.5}, {"category": "People also search for", "title": "Pomnik", "reviewsCount": 1, "totalScore": 5}, {"category": "People also search for", "title": "Anagarika Dharmapala Statue", "reviewsCount": 13, "totalScore": 4.5}, {"category": "People also search for", "title": "Queen Viharamahadevi Statue", "reviewsCount": 26, "totalScore": 4.5}], "placesTags": [{"title": "Other", "count": 1}], "reviewsTags": [{"title": "jogging", "count": 244}, {"title": "evening", "count": 205}, {"title": "exercise", "count": 110}, {"title": "1948", "count": 50}, {"title": "free time", "count": 48}, {"title": "history of sri lanka", "count": 25}, {"title": "february 4", "count": 20}, {"title": "national monument", "count": 14}, {"title": "arcade", "count": 10}, {"title": "father of the nation", "count": 10}], "additionalInfo": {"Accessibility": [{"Wheelchair-accessible entrance": true}, {"Wheelchair-accessible parking lot": true}], "Children": [{"Good for kids": true}]}, "gasPrices": [], "questionsAndAnswers": [], "updatesFromCustomers": {"postDate": "2 months ago", "postedBy": {"name": "manish vora", "url": "https://www.google.com/maps/contrib/111438365322292421569?hl=en-US", "title": "Local Guide", "totalReviews": 430}, "media": []}, "url": "https://www.google.com/maps/search/?api=1&query=Independence%20Square&query_place_id=ChIJC46ViHtZ4joRCya8Jp8IxcE", "webResults": [], "parentPlaceUrl": null, "orderBy": [], "images": null, "imageUrls": ["https://lh5.googleusercontent.com/p/AF1QipNcwKcJnhGTbJtH5a3UxVs-EbduRNkbYHty3Zfe=w1920-h1080-k-no"], "reviews": []}