{"searchString": "Direct Detail URL: https://maps.app.goo.gl/SoiDGhG7EXsCf2hD8", "rank": null, "searchPageUrl": null, "searchPageLoadedUrl": null, "isAdvertisement": false, "title": "Nawala Urban Wetland Park", "subTitle": null, "description": null, "price": null, "categoryName": "Garden", "address": "VVHR+CCQ, Nawala Rd, Sri Jayawardenepura Kotte 11222, Sri Lanka", "neighborhood": "Ethul Kotte", "street": "VVHR+CCQ, Nawala Rd", "city": "Sri Jayawardenepura Kotte", "postalCode": null, "state": null, "countryCode": "LK", "website": null, "phone": null, "phoneUnformatted": null, "claimThisBusiness": true, "location": {"lat": 6.8785887, "lng": 79.891125}, "locatedIn": null, "plusCode": null, "menu": null, "totalScore": 4.5, "permanentlyClosed": false, "temporarilyClosed": false, "placeId": "ChIJRe_wJCRa4joRVGlehPAhqac", "categories": ["Garden", "Park", "Tourist attraction"], "cid": "12081224792294713684", "reviewsCount": 3735, "reviewsDistribution": {"oneStar": 108, "twoStar": 50, "threeStar": 312, "fourStar": 842, "fiveStar": 2423}, "imagesCount": 1782, "imageCategories": ["All", "Latest", "Videos", "Garden", "Landscaping", "Nawala jogging track", "Street View & 360\u00b0"], "scrapedAt": "2024-04-23T05:02:00.811Z", "reserveTableUrl": null, "googleFoodUrl": null, "hotelStars": null, "hotelDescription": null, "checkInDate": null, "checkOutDate": null, "similarHotelsNearby": null, "hotelReviewSummary": null, "hotelAds": [], "popularTimesLiveText": "Not too busy", "popularTimesLivePercent": 41, "popularTimesHistogram": {"Su": [{"hour": 3, "occupancyPercent": 0}, {"hour": 4, "occupancyPercent": 11}, {"hour": 5, "occupancyPercent": 19}, {"hour": 6, "occupancyPercent": 30}, {"hour": 7, "occupancyPercent": 41}, {"hour": 8, "occupancyPercent": 49}, {"hour": 9, "occupancyPercent": 53}, {"hour": 10, "occupancyPercent": 56}, {"hour": 11, "occupancyPercent": 61}, {"hour": 12, "occupancyPercent": 64}, {"hour": 13, "occupancyPercent": 67}, {"hour": 14, "occupancyPercent": 68}, {"hour": 15, "occupancyPercent": 70}, {"hour": 16, "occupancyPercent": 75}, {"hour": 17, "occupancyPercent": 77}, {"hour": 18, "occupancyPercent": 75}, {"hour": 19, "occupancyPercent": 66}, {"hour": 20, "occupancyPercent": 57}, {"hour": 21, "occupancyPercent": 46}, {"hour": 22, "occupancyPercent": 37}], "Mo": [{"hour": 3, "occupancyPercent": 0}, {"hour": 4, "occupancyPercent": 12}, {"hour": 5, "occupancyPercent": 18}, {"hour": 6, "occupancyPercent": 33}, {"hour": 7, "occupancyPercent": 51}, {"hour": 8, "occupancyPercent": 59}, {"hour": 9, "occupancyPercent": 55}, {"hour": 10, "occupancyPercent": 54}, {"hour": 11, "occupancyPercent": 55}, {"hour": 12, "occupancyPercent": 58}, {"hour": 13, "occupancyPercent": 59}, {"hour": 14, "occupancyPercent": 60}, {"hour": 15, "occupancyPercent": 65}, {"hour": 16, "occupancyPercent": 72}, {"hour": 17, "occupancyPercent": 83}, {"hour": 18, "occupancyPercent": 88}, {"hour": 19, "occupancyPercent": 84}, {"hour": 20, "occupancyPercent": 69}, {"hour": 21, "occupancyPercent": 52}, {"hour": 22, "occupancyPercent": 38}], "Tu": [{"hour": 3, "occupancyPercent": 0}, {"hour": 4, "occupancyPercent": 14}, {"hour": 5, "occupancyPercent": 22}, {"hour": 6, "occupancyPercent": 37}, {"hour": 7, "occupancyPercent": 52}, {"hour": 8, "occupancyPercent": 61}, {"hour": 9, "occupancyPercent": 59}, {"hour": 10, "occupancyPercent": 60}, {"hour": 11, "occupancyPercent": 59}, {"hour": 12, "occupancyPercent": 61}, {"hour": 13, "occupancyPercent": 60}, {"hour": 14, "occupancyPercent": 60}, {"hour": 15, "occupancyPercent": 64}, {"hour": 16, "occupancyPercent": 75}, {"hour": 17, "occupancyPercent": 85}, {"hour": 18, "occupancyPercent": 92}, {"hour": 19, "occupancyPercent": 83}, {"hour": 20, "occupancyPercent": 69}, {"hour": 21, "occupancyPercent": 51}, {"hour": 22, "occupancyPercent": 38}], "We": [{"hour": 3, "occupancyPercent": 0}, {"hour": 4, "occupancyPercent": 12}, {"hour": 5, "occupancyPercent": 20}, {"hour": 6, "occupancyPercent": 35}, {"hour": 7, "occupancyPercent": 49}, {"hour": 8, "occupancyPercent": 58}, {"hour": 9, "occupancyPercent": 57}, {"hour": 10, "occupancyPercent": 57}, {"hour": 11, "occupancyPercent": 55}, {"hour": 12, "occupancyPercent": 56}, {"hour": 13, "occupancyPercent": 56}, {"hour": 14, "occupancyPercent": 59}, {"hour": 15, "occupancyPercent": 67}, {"hour": 16, "occupancyPercent": 80}, {"hour": 17, "occupancyPercent": 93}, {"hour": 18, "occupancyPercent": 100}, {"hour": 19, "occupancyPercent": 90}, {"hour": 20, "occupancyPercent": 71}, {"hour": 21, "occupancyPercent": 53}, {"hour": 22, "occupancyPercent": 40}], "Th": [{"hour": 3, "occupancyPercent": 0}, {"hour": 4, "occupancyPercent": 12}, {"hour": 5, "occupancyPercent": 21}, {"hour": 6, "occupancyPercent": 35}, {"hour": 7, "occupancyPercent": 51}, {"hour": 8, "occupancyPercent": 58}, {"hour": 9, "occupancyPercent": 58}, {"hour": 10, "occupancyPercent": 56}, {"hour": 11, "occupancyPercent": 56}, {"hour": 12, "occupancyPercent": 59}, {"hour": 13, "occupancyPercent": 62}, {"hour": 14, "occupancyPercent": 65}, {"hour": 15, "occupancyPercent": 68}, {"hour": 16, "occupancyPercent": 73}, {"hour": 17, "occupancyPercent": 80}, {"hour": 18, "occupancyPercent": 83}, {"hour": 19, "occupancyPercent": 75}, {"hour": 20, "occupancyPercent": 61}, {"hour": 21, "occupancyPercent": 49}, {"hour": 22, "occupancyPercent": 36}], "Fr": [{"hour": 3, "occupancyPercent": 0}, {"hour": 4, "occupancyPercent": 11}, {"hour": 5, "occupancyPercent": 17}, {"hour": 6, "occupancyPercent": 30}, {"hour": 7, "occupancyPercent": 46}, {"hour": 8, "occupancyPercent": 54}, {"hour": 9, "occupancyPercent": 54}, {"hour": 10, "occupancyPercent": 53}, {"hour": 11, "occupancyPercent": 51}, {"hour": 12, "occupancyPercent": 52}, {"hour": 13, "occupancyPercent": 55}, {"hour": 14, "occupancyPercent": 58}, {"hour": 15, "occupancyPercent": 63}, {"hour": 16, "occupancyPercent": 72}, {"hour": 17, "occupancyPercent": 85}, {"hour": 18, "occupancyPercent": 90}, {"hour": 19, "occupancyPercent": 82}, {"hour": 20, "occupancyPercent": 67}, {"hour": 21, "occupancyPercent": 52}, {"hour": 22, "occupancyPercent": 39}], "Sa": [{"hour": 3, "occupancyPercent": 0}, {"hour": 4, "occupancyPercent": 10}, {"hour": 5, "occupancyPercent": 18}, {"hour": 6, "occupancyPercent": 33}, {"hour": 7, "occupancyPercent": 48}, {"hour": 8, "occupancyPercent": 61}, {"hour": 9, "occupancyPercent": 68}, {"hour": 10, "occupancyPercent": 75}, {"hour": 11, "occupancyPercent": 83}, {"hour": 12, "occupancyPercent": 86}, {"hour": 13, "occupancyPercent": 88}, {"hour": 14, "occupancyPercent": 88}, {"hour": 15, "occupancyPercent": 90}, {"hour": 16, "occupancyPercent": 92}, {"hour": 17, "occupancyPercent": 93}, {"hour": 18, "occupancyPercent": 87}, {"hour": 19, "occupancyPercent": 77}, {"hour": 20, "occupancyPercent": 61}, {"hour": 21, "occupancyPercent": 50}, {"hour": 22, "occupancyPercent": 37}]}, "openingHours": [{"day": "Monday", "hours": "4\u202fAM to 10:30\u202fPM"}, {"day": "Tuesday", "hours": "4\u202fAM to 10:30\u202fPM"}, {"day": "Wednesday", "hours": "4\u202fAM to 10:30\u202fPM"}, {"day": "Thursday", "hours": "4\u202fAM to 10:30\u202fPM"}, {"day": "Friday", "hours": "4\u202fAM to 10:30\u202fPM"}, {"day": "Saturday", "hours": "4\u202fAM to 10:30\u202fPM"}, {"day": "Sunday", "hours": "4\u202fAM to 10:30\u202fPM"}], "peopleAlsoSearch": [{"category": "People also search for", "title": "Beddagana Wetland Park", "reviewsCount": 5376, "totalScore": 4.4}, {"category": "People also search for", "title": "Kotte Rampart Wetland Park", "reviewsCount": 108, "totalScore": 4.4}, {"category": "People also search for", "title": "Viharamahadevi Park", "reviewsCount": 13329, "totalScore": 4.4}, {"category": "People also search for", "title": "Gangaramaya Park", "reviewsCount": 1304, "totalScore": 4.3}, {"category": "People also search for", "title": "Narahenpita Open park", "reviewsCount": 9, "totalScore": 4.6}], "placesTags": [{"title": "Other", "count": 1}], "reviewsTags": [{"title": "walk", "count": 208}, {"title": "jogging", "count": 164}, {"title": "relax", "count": 108}, {"title": "evening", "count": 79}, {"title": "exercise", "count": 77}, {"title": "environment", "count": 62}, {"title": "birds", "count": 36}, {"title": "couples", "count": 18}, {"title": "lake", "count": 15}, {"title": "canal", "count": 12}], "additionalInfo": {"Accessibility": [{"Wheelchair-accessible entrance": true}, {"Wheelchair-accessible parking lot": true}], "Amenities": [{"Public restroom": true}, {"Slides": true}, {"Swings": true}], "Children": [{"Good for kids": true}, {"Playground": true}]}, "gasPrices": [], "questionsAndAnswers": [{"question": "Can we go these days? ", "answers": [{"answer": "Is this park allow pet walks?", "answerDate": "Upeksha Perera", "answeredBy": {"name": "Upeksha Perera", "url": "https://www.google.com/maps/contrib/100373207824748181804"}}], "askDate": "2 years ago", "askedBy": {"name": "Benaddeen Teranciya", "url": "https://www.google.com/maps/contrib/101366418651592929149"}}], "updatesFromCustomers": {"postDate": "5 months ago", "postedBy": {"name": "chathura piumal", "url": "https://www.google.com/maps/contrib/106037737260564611172?hl=en-US", "title": "Local Guide", "totalReviews": 67}, "media": [{"link": "https://lh3.googleusercontent.com/ggms/AF1QipOAAdxzvKZ4g8HSDmizMnAMKUq0ceJCd8MaqOIX=m18", "postDate": "5 months ago"}]}, "url": "https://www.google.com/maps/search/?api=1&query=Nawala%20Urban%20Wetland%20Park&query_place_id=ChIJRe_wJCRa4joRVGlehPAhqac", "webResults": [], "parentPlaceUrl": null, "orderBy": [], "images": null, "imageUrls": ["https://lh5.googleusercontent.com/p/AF1QipObsllyTn84Lt-Nh_Y9KbNpHrTOCOAHVLsyQO-M=w1920-h1080-k-no"], "reviews": []}